"","user_id","raw_label","healthPostingFrequency","SWFrequency","SWPostingInterval","SWFreq","SWWordCount","fin_body","drug_body","mental_body","rela_body","suicide_body","hopeless_body","motivations","family_senti","partner_senti","self_senti","sentiment","mclust"
"1",16,4,1,3,57,0,207.722222222222,1,1,1,1,0,1,4,-0.5,0,0,46.9718026183283,1
"2",56,3,1,3,50,0,102,0,1,1,0,0,0,2,-0.5,0,-1,102.609264853978,2
"3",137,3,4,1,0,0,0,1,1,1,1,1,0,5,0,0,-1,56.8398791540786,3
"4",152,1,0,3,44.5,0,153,0,0,0,0,0,0,0,0,0,0,45.7794561933535,2
"5",370,3,7,1,0,0,254,1,1,1,1,1,0,5,0,0,0,71.2980866062437,3
"6",706,1,1,1,0,0,0,1,1,1,1,0,0,4,0,0,0,57.896273917422,1
"7",967,4,19,8,113.857142857143,1,16.0454545454545,1,1,1,1,1,1,5,-0.428571428571429,0,-0.285714285714286,69.7361530715005,5
"8",981,3,3,1,0,0,24,0,1,1,1,1,0,4,0,-1,0,60.8147029204431,5
"9",1215,2,4,1,0,0,56,1,1,1,1,1,1,5,2,0,0,50.8902316213494,4
"10",1233,4,0,1,0,0,0,0,0,0,0,1,0,1,-2,0,0,45.8640483383686,2
"11",1288,1,4,1,0,0,0,1,1,1,1,1,0,5,1,0,0,198.455186304129,3
"12",1318,4,4,1,0,0,0,1,0,1,1,1,0,4,1,0,0,51.3957703927492,5
"13",1419,4,0,1,0,0,0,1,1,0,1,1,0,4,0,0,0,48.9748237663646,5
"14",1489,3,0,1,0,0,0,0,1,0,1,0,0,2,0,0,0,45.3534743202417,2
"15",1500,1,0,1,0,0,0,0,0,0,1,1,0,2,-2,0,0,47.3141993957704,2
"16",1526,2,0,1,0,0,0,0,0,0,0,0,0,0,0,0,1,65.8177240684794,2
"17",1610,3,3,1,0,0,325,0,1,1,0,0,0,2,0,0,0,48.1883182275932,2
"18",1690,1,0,1,0,0,226,0,0,0,0,0,0,0,0,0,0,47.0473313192346,2
"19",1854,3,0,1,0,0,111,1,1,0,1,0,0,3,-1,0,-3,52.8298086606244,1
"20",2071,1,0,3,91,0,79,0,0,0,1,1,0,2,0,0,0,52.0624370594159,2
"21",2103,1,3,1,0,0,185,0,1,0,0,0,0,1,1,0,0,54.0402819738167,2
"22",2205,3,11,1,0,0,146,1,1,1,1,1,0,5,0,0,0,51.686807653575,3
"23",2370,4,3,1,0,0,124,1,1,1,1,0,0,4,-1,0,0,46.7170191339376,1
"24",2435,1,4,1,0,0,146,1,1,1,1,1,0,5,-3,0,0,214.047331319235,3
"25",2655,4,3,1,0,0,58,0,1,1,1,0,0,3,0,0,0,49.5760322255791,1
"26",2667,3,1,1,0,0,58,0,0,1,0,0,0,1,-3,0,-3,48.9284994964753,2
"27",2835,4,23,12,20.9090909090909,0,23.25,1,1,1,1,1,0,5,-0.0909090909090909,0,-0.181818181818182,258.624370594159,4
"28",2853,4,1,1,0,0,246,1,1,1,1,0,0,4,0,-2,0,47.2487411883182,1
"29",3032,4,4,1,0,0,0,1,1,1,1,1,0,5,-1,-2,-2,49.1983887210473,4
"30",3236,4,3,1,0,0,0,1,1,1,1,0,1,4,0,0,0,105.538771399799,1
"31",3344,1,0,1,0,0,106,1,0,0,0,0,0,1,-1,0,0,60.920443101712,2
"32",3402,4,0,1,0,0,324,0,0,0,1,1,0,2,0,0,0,49.6032225579053,2
"33",3700,4,0,1,0,0,854,0,0,0,1,1,0,2,-2,0,0,51.2910372608258,2
"34",3730,4,7,1,0,0,377,1,1,1,1,1,1,5,-2,0,0,48.6414904330312,4
"35",3973,4,5,3,230,0,105,1,1,1,1,1,0,5,0,0,1,154.111782477341,4
"36",4031,3,5,1,0,0,60,1,1,1,1,1,0,5,0,-1,0,50.1309164149043,3
"37",4132,4,1,18,11.4705882352941,1,30.5,0,1,1,1,1,0,4,-0.411764705882353,-0.352941176470588,0.0588235294117647,47.5629405840886,5
"38",4184,3,0,1,0,0,0,1,0,0,1,1,0,3,0,0,0,45.9425981873112,5
"39",4192,1,0,1,0,0,0,0,1,0,0,0,0,1,0,0,0,86.8298086606244,2
"40",4193,3,1,1,0,0,0,0,1,1,0,1,0,3,-3,0,-1,47.5105740181269,5
"41",4517,4,24,19,15.7777777777778,1,236.5,1,1,1,1,1,1,5,-0.166666666666667,0,-0.277777777777778,70.9315206445116,5
"42",4606,4,1,1,0,0,0,0,0,1,1,1,0,3,0,0,-3,65.7039274924471,5
"43",4796,1,1,1,0,0,0,1,1,1,1,0,0,4,0,-2,0,49.8660624370594,1
"44",4831,3,4,1,0,0,0,1,1,1,1,1,0,5,0,-2,0,49.1460221550856,4
"45",4897,2,1,1,0,0,0,0,0,1,0,1,0,2,-1,0,0,47.6294058408862,2
"46",4983,4,0,1,0,0,0,0,0,0,0,0,0,0,-1,0,-1,46.5176233635448,2
"47",5004,2,0,1,0,0,0,0,0,0,0,0,0,0,0,0,0,48.9375629405841,2
"48",5096,4,1,1,0,0,167,1,1,1,0,0,0,3,0,-1,0,105.511581067472,1
"49",5169,2,0,1,0,0,1240,0,0,0,0,0,0,0,0,0,0,50.761329305136,2
"50",5170,2,4,1,0,0,317,0,1,1,1,1,0,4,1,0,0,67.7492447129909,5
"51",5196,4,0,1,0,0,160,1,0,0,0,1,0,2,1,0,0,49.9889224572004,2
"52",5215,3,0,1,0,0,160,0,0,0,1,1,0,2,0,0,0,51.6525679758308,2
"53",5227,3,6,1,0,0,165,1,1,1,1,1,0,5,1,-1,-1,56.2567975830816,4
"54",5406,1,1,1,0,0,109,0,1,1,1,0,0,3,0,0,0,49.4300100704935,1
"55",5422,4,4,1,0,0,0,1,0,1,0,0,0,2,0,0,0,129.203423967774,2
"56",5548,4,3,1,0,0,0,1,1,1,1,1,0,5,0,0,0,136.082578046324,3
"57",5611,4,3,1,0,0,477,0,1,1,1,1,0,4,0,0,0,64.416918429003,5
"58",5657,4,1,4,14,0,385.5,0,1,1,1,0,1,3,0,0,0,49.4249748237664,5
"59",5782,3,3,3,123.5,0,160,0,1,1,1,1,0,4,0,-1.5,0,62.448136958711,5
"60",5791,4,24,6,63.2,1,25,1,1,1,1,1,1,5,0,0,-0.2,60.6656596173212,5
"61",5827,4,0,16,32.4,1,421.5,0,0,0,0,1,1,1,0.133333333333333,0,-0.133333333333333,51.8056394763343,2
"62",5985,4,14,4,49.6666666666667,0,249.6,1,1,1,1,1,0,5,-1,0,-2,49.1671701913394,4
"63",6198,1,3,1,0,0,0,0,1,1,1,0,0,3,0,0,0,103.764350453172,1
"64",6234,3,1,3,256.5,0,166.666666666667,0,1,1,0,0,0,2,0,0,-1.5,50.877139979859,2
"65",6317,4,1,1,0,0,0,1,0,1,1,1,0,4,-1,-3,0,51.2215508559919,5
"66",6370,3,16,5,151.5,0,224.25,1,1,1,1,1,0,5,0.25,0,-0.75,197.108761329305,4
"67",6375,1,1,3,173.5,0,92,1,0,0,1,1,0,3,0.5,0,0,45.4763343403827,5
"68",6537,4,5,7,98,0,516,1,1,1,1,1,0,5,-1.16666666666667,0,-1,50.4078549848943,4
"69",6826,4,0,1,0,0,0,1,0,0,0,1,0,2,-1,0,0,47.6827794561934,2
"70",6949,1,1,1,0,0,0,0,0,0,0,0,0,0,0,0,0,88.7230614300101,2
"71",6987,1,5,1,0,0,0,1,0,1,0,0,0,2,0,0,0,46.6555891238671,2
"72",7007,4,3,4,6.33333333333333,0,128.5,0,0,1,1,1,0,3,-0.666666666666667,0,-1,117.321248741188,5
"73",7241,4,3,7,38.6666666666667,1,230.5,1,1,1,1,1,0,5,-0.333333333333333,-0.166666666666667,-0.5,51.0785498489426,4
"74",7312,2,0,1,0,0,0,1,1,0,0,1,0,3,1,0,0,50.2749244712991,5
"75",7371,4,1,1,0,0,318,0,0,1,1,1,0,3,2,0,0,48.2416918429003,5
"76",7489,4,3,1,0,0,64,1,1,1,1,1,0,5,-1,0,-1,47.9617321248741,3
"77",7658,1,3,3,22.5,0,683,1,1,1,1,0,0,4,0,0,0,49.4189325276939,1
"78",7662,1,10,3,34,0,87.5,1,1,1,1,1,1,5,0,0,0,54.7895266868077,4
"79",7801,2,1,1,0,0,0,0,0,1,0,0,0,1,0,0,0,46.1953675730111,2
"80",7864,4,0,1,0,0,0,0,0,0,0,0,0,0,0,0,0,46.3756294058409,2
"81",7904,4,7,3,269,0,58.6,1,1,1,1,1,0,5,-0.5,0,0.5,48.8469284994965,4
"82",8215,4,1,18,57.7647058823529,1,202.5,1,1,1,1,1,0,5,-0.0588235294117647,0,0.0588235294117647,63.0151057401813,5
"83",8454,4,3,1,0,0,0,1,1,1,1,1,0,5,1,0,0,47.202416918429,3
"84",8554,4,0,1,0,0,0,0,0,0,0,0,0,0,0,0,0,49.6243705941591,2
"85",8588,4,61,4,137,0,64.8,1,1,1,1,1,1,5,-2,-1,-0.333333333333333,483.203423967774,4
"86",8622,1,0,1,0,0,0,0,0,0,1,0,1,1,1,0,0,55.2920443101712,2
"87",8720,1,4,1,0,0,0,1,1,1,1,1,0,5,1,-1,0,163.022155085599,3
"88",8759,4,1,1,0,0,0,0,1,1,1,1,0,4,-1,-1,0,46.1742195367573,5
"89",8821,3,0,1,0,0,0,0,0,0,0,0,0,0,0,0,0,48.1198388721047,2
"90",8874,4,7,5,97.75,0,281,1,1,1,1,1,0,5,0,0,0,57.1460221550856,4
"91",8907,3,4,1,0,0,0,0,1,1,1,1,0,4,0,0,0,49.4330312185297,5
"92",8961,1,1,1,0,0,0,0,0,1,0,0,0,1,0,0,0,50.7713997985901,2
"93",8967,1,4,1,0,0,0,1,1,0,1,1,0,4,0,0,0,50.9003021148036,5
"94",9079,3,1,5,29.75,0,211.333333333333,1,1,1,1,1,1,5,0,0,-0.75,48.3262839879154,4
"95",9174,4,6,1,0,0,0,1,1,1,1,1,0,5,0,0,0,47.7210473313192,3
"96",9212,2,1,1,0,0,165,1,1,1,1,1,0,5,0,0,0,47.202416918429,3
"97",9398,3,4,1,0,0,373,1,1,1,1,1,0,5,-1,0,0,50.1389728096677,3
"98",9583,1,0,1,0,0,149,0,0,0,0,0,0,0,0,0,0,275.291037260826,2
"99",9605,4,3,1,0,0,115,1,1,1,1,1,0,5,0,3,0,49.6565961732125,4
"100",9658,3,1,1,0,0,145,1,1,1,1,1,0,5,0,0,0,48.8449144008056,3
"101",9787,1,0,1,0,0,22,1,1,0,1,1,0,4,1,2,0,107.780463242699,5
"102",9945,4,11,1,0,0,298,1,1,1,1,1,0,5,0,0,0,121.965760322256,3
"103",10146,4,0,1,0,0,26,1,1,0,1,1,0,4,-2,0,0,48.0201409869084,5
"104",10171,3,3,1,0,0,116,1,1,1,1,0,0,4,-1,0,-2,56.631419939577,1
"105",10276,4,7,3,14.5,0,58.8571428571429,1,1,1,1,1,0,5,0,0,0,135.906344410876,3
"106",10283,4,3,3,233.5,0,236.5,1,1,1,1,1,0,5,0.5,0,-1.5,46.8872104733132,4
"107",10287,1,4,1,0,0,655,1,1,1,1,0,0,4,0,-3,0,46.6706948640483,1
"108",10360,3,5,1,0,0,17,1,1,1,1,1,0,5,-1,-1,0,53.9889224572004,3
"109",10400,4,5,1,0,0,30,1,1,1,1,1,0,5,-1,-1,-3,99.4380664652568,4
"110",10701,3,1,1,0,0,78,1,1,1,1,0,0,4,0,0,0,46.3605236656596,1
"111",10753,3,4,1,0,0,87,1,1,1,1,1,0,5,1,0,0,45.6092648539778,3
"112",10799,1,20,1,0,0,0,1,1,1,1,1,0,5,0,0,0,76.6354481369587,3
"113",10835,4,6,25,20.2916666666667,0,295,1,1,1,1,1,1,5,-0.125,-0.0416666666666667,0.291666666666667,49.257804632427,5
"114",10869,3,3,10,194.888888888889,1,189.333333333333,1,1,1,1,1,0,5,-0.222222222222222,0,0,283.913393756294,5
"115",10914,3,1,1,0,0,0,1,1,1,1,0,0,4,1,2,0,46.0332326283988,1
"116",10977,4,3,1,0,0,0,1,1,1,1,1,0,5,0,-2,-1,118.490433031219,4
"117",11349,2,6,3,855.5,0,612,1,1,1,1,1,0,5,1,0,0,49.1852970795569,4
"118",11455,2,1,1,0,0,0,0,1,1,1,0,0,3,-2,0,0,48.3645518630413,1
"119",11464,1,4,1,0,0,0,0,1,1,1,1,0,4,0,0,0,47.7985901309164,5
"120",11534,4,7,3,19.5,0,4,1,1,1,1,1,0,5,0,0,0,47.2306143001007,3
"121",11885,4,3,3,74.5,0,819.5,1,1,1,0,1,0,4,-2,0,-1,48.5327291037261,5
"122",11907,4,7,1,0,0,0,1,1,1,1,1,0,5,-2,-2,0,51.3454179254784,4
"123",11978,4,8,3,267,0,48,1,1,1,1,1,0,5,0,0,0,48.2880161127895,4
"124",12096,4,21,3,159,0,181,1,1,1,1,1,0,5,0,0,0,669.445115810675,4
"125",12192,3,1,1,0,0,0,1,1,1,1,1,0,5,-2,0,0,48.1540785498489,3
"126",12216,4,1,3,76,0,71,0,0,1,1,0,0,2,0,0,0,49.809667673716,2
"127",12447,3,1,1,0,0,0,0,0,1,0,0,0,1,-1,0,2,47.392749244713,2
"128",12900,4,0,6,87.4,1,923.375,1,1,0,1,0,1,3,0.2,0,-0.6,46.8449144008056,2
"129",13018,4,1,3,47.5,0,109.5,1,1,1,1,1,1,5,-0.5,-1,-0.5,48.8590130916415,4
"130",13074,3,6,1,0,0,0,1,1,1,1,1,1,5,0,0,0,46.9798590130916,4
"131",13197,4,12,3,9,0,318,1,1,1,1,1,1,5,-0.5,-1,-0.5,58.2658610271903,4
"132",13199,3,10,3,3,0,114.333333333333,1,1,1,1,1,0,5,0,0,0,60.5448136958711,3
"133",13221,4,6,1,0,0,0,1,1,1,1,1,0,5,-2,0,0,96.7341389728097,3
"134",13291,1,0,1,0,0,0,0,0,0,0,0,0,0,0,0,0,48.9093655589124,2
"135",13317,2,3,3,124,0,78.5,1,1,1,1,1,1,5,0.5,0,-1,50.8076535750252,4
"136",13347,1,0,1,0,0,0,0,0,0,0,0,0,0,1,0,0,47.0936555891239,2
"137",13704,1,3,1,0,0,0,1,1,1,1,0,0,4,0,0,0,45.4561933534743,1
"138",13750,3,0,3,130.5,0,66,1,0,0,1,0,0,2,-1,0,0,48.6908358509567,2
"139",13814,4,3,6,26.6,1,313,0,1,1,1,1,0,4,0.2,0,-1,56.963746223565,5
"140",13957,1,0,1,0,0,34,0,0,0,0,1,0,1,-2,0,0,65.4894259818731,2
"141",13995,1,0,1,0,0,0,0,0,0,0,1,0,1,0,0,0,88.9577039274924,2
"142",14406,1,0,1,0,0,0,0,0,0,0,0,0,0,0,0,0,48.0110775427996,2
"143",14492,4,5,1,0,0,396,0,0,1,1,0,0,2,0,-1,-1,50.9647532729104,2
"144",14542,3,1,3,38.5,0,569,1,1,1,1,0,0,4,-1,-1.5,-0.5,51.2356495468278,1
"145",14574,4,4,1,0,0,0,1,1,1,1,1,0,5,-1,-1,-2,46.7965760322256,4
"146",14623,3,4,1,0,0,0,0,0,1,1,0,0,2,0,0,0,49.5448136958711,2
"147",14635,3,1,1,0,0,0,0,0,0,0,0,0,0,-1,0,0,48.1399798590131,2
"148",14637,1,0,1,0,0,0,0,1,0,1,1,0,3,-2,0,0,53.6042296072508,5
"149",15000,4,6,4,42,0,188,1,1,1,1,1,1,5,-0.333333333333333,-1,0,45.6898288016113,4
"150",15033,1,0,1,0,0,0,0,0,0,0,0,0,0,0,0,0,47.3947633434038,2
"151",15127,3,1,3,112.5,0,238,1,1,1,1,1,0,5,-0.5,0,0,48.0070493454179,3
"152",15152,3,1,1,0,0,0,0,1,1,1,0,0,3,0,0,0,48.9657603222558,1
"153",15163,4,7,5,88,0,45.5,1,1,1,1,1,0,5,0.25,0,0,48.1832829808661,4
"154",15195,3,3,1,0,0,0,1,1,1,1,1,0,5,2,0,-3,45.404833836858,4
"155",15355,1,0,1,0,0,0,0,1,0,1,0,0,2,1,0,0,45.3464249748238,2
"156",15416,4,1,1,0,0,380,1,1,1,1,0,1,4,-2,0,0,48.4108761329305,1
"157",15566,4,1,1,0,0,53,0,1,1,1,1,0,4,0,0,0,46.1127895266868,5
"158",15611,4,5,1,0,0,150,1,1,1,1,1,0,5,-3,0,-3,50.4501510574018,4
"159",15696,2,0,1,0,0,0,0,1,0,0,0,1,1,0,0,0,55.539778449144,2
"160",15769,1,5,1,0,0,0,1,1,1,1,1,0,5,-2,0,0,233.616314199396,3
"161",15870,3,1,1,0,0,0,0,0,1,0,1,0,2,1,0,1,49.6304128902316,2
"162",15914,4,3,4,11,0,48,1,1,1,1,1,0,5,0,0,0,53.0070493454179,3
"163",15979,4,1,3,20.5,0,83.5,1,1,1,1,1,1,5,-1,0,-2,128.413897280967,4
"164",15984,1,0,1,0,0,0,1,1,0,1,1,0,4,0,1,2,50.9647532729104,5
"165",16035,3,3,1,0,0,0,1,1,1,1,1,0,5,0,0,-2,78.8519637462236,4
"166",16093,4,4,1,0,0,0,1,1,1,1,0,0,4,0,0,-2,47.97583081571,1
"167",16175,4,7,6,74,1,369,1,1,1,1,0,0,4,-0.6,0,-0.8,48.2598187311178,1
"168",16310,4,3,3,91.5,0,84,1,1,1,1,1,0,5,-1,0,0,46.0463242698892,3
"169",16392,4,1,4,217.333333333333,0,408,1,1,1,1,1,1,5,0,0,-0.666666666666667,50.6676737160121,4
"170",16402,2,1,1,0,0,1235,1,1,0,1,1,0,4,1,0,0,45.8791540785498,5
"171",16441,3,6,1,0,0,0,1,1,1,1,0,1,4,0,0,0,47.4068479355488,1
"172",16609,1,1,1,0,0,0,0,0,1,1,0,0,2,0,-3,-2,48.638469284995,2
"173",16719,1,0,1,0,0,0,0,0,0,0,0,0,0,0,0,0,63.6022155085599,2
"174",16723,2,3,1,0,0,0,1,1,1,1,1,0,5,0,0,0,64.6455186304129,3
"175",16768,1,5,1,0,0,38,0,1,1,1,1,0,4,0,0,0,47.313192346425,5
"176",16807,3,3,1,0,0,168,1,1,1,1,1,0,5,0,0,0,48.5377643504532,3
"177",16927,4,5,1,0,0,0,0,1,1,1,1,0,4,-2,0,0,49.7814702920443,5
"178",16955,2,0,1,0,0,0,0,0,0,1,0,0,1,0,0,0,48.0855991943605,2
"179",17406,3,0,1,0,0,0,1,0,0,0,0,0,1,0,0,0,65.1923464249748,2
"180",17468,4,0,1,0,0,0,0,0,0,1,1,0,2,1,0,-2,46.5971802618328,2
"181",17708,4,0,1,0,0,0,0,1,0,1,1,0,3,1,0,0,45.3977844914401,5
"182",17946,4,3,1,0,0,0,1,1,1,1,0,0,4,0,0,0,47.043303121853,1
"183",18136,4,26,3,99,0,69.6666666666667,1,1,1,1,1,0,5,0,0,0,382.122860020141,4
"184",18209,2,3,1,0,0,0,1,1,1,1,1,0,5,0,0,0,64.1299093655589,3
"185",18262,2,3,1,0,0,0,1,1,1,1,1,0,5,0,0,0,49.7532729103726,3
"186",18362,3,4,1,0,0,0,1,1,1,1,1,0,5,-2,0,0,53.4974823766365,3
"187",18482,1,3,1,0,0,0,0,1,0,1,0,0,2,0,0,0,50.3957703927492,2
"188",18583,4,0,1,0,0,0,1,1,0,1,1,0,4,0,0,0,140.310171198389,5
"189",18647,1,0,1,0,0,0,0,1,0,1,1,0,3,-1,0,-3,55.1883182275932,5
"190",18752,2,6,1,0,0,0,1,1,1,1,1,1,5,0,0,0,49.281973816717,4
"191",18787,1,5,1,0,0,0,1,1,1,1,1,0,5,0,0,0,59.4149043303122,3
"192",18824,1,0,1,0,0,0,0,1,0,1,0,0,2,0,0,0,68.6576032225579,2
"193",18869,4,6,6,39,1,142,1,1,1,1,1,0,5,-0.4,-0.2,0,50.527693856999,4
"194",19021,4,1,1,0,0,0,1,1,1,0,0,0,3,0,0,0,61.2235649546828,1
"195",19089,4,3,1,0,0,0,1,1,1,1,1,0,5,0,0,0,47.9355488418933,3
"196",19113,4,0,1,0,0,140,0,0,0,1,1,0,2,0,-3,1,45.8277945619335,2
"197",19339,4,0,1,0,0,23,0,0,0,0,0,0,0,0,0,-3,50.761329305136,2
"198",19347,4,3,3,8,0,87.6,1,1,1,1,1,0,5,0,0,-0.5,50.3162134944612,3
"199",19368,1,5,1,0,0,0,1,1,1,1,1,0,5,0,0,0,91.5176233635448,3
"200",19409,1,0,1,0,0,0,0,0,0,0,0,0,0,0,0,0,93.448136958711,2
"201",19512,1,11,1,0,0,195,1,1,1,1,1,0,5,0,0,-1,49.4008056394763,3
"202",19832,2,0,1,0,0,277,0,0,0,1,1,0,2,0,0,0,51.3262839879154,2
"203",19871,1,12,1,0,0,263,1,1,1,1,1,0,5,0,0,2,420.173212487412,4
"204",19941,1,1,1,0,0,1,1,1,1,1,0,0,4,-2,-2,0,57.6565961732125,1
"205",19955,3,0,1,0,0,0,1,0,0,1,0,0,2,0,0,0,51.2215508559919,2
"206",19959,3,1,1,0,0,0,1,1,1,1,1,0,5,2,1,0,49.3051359516616,3
"207",19994,1,5,1,0,0,0,1,1,1,1,1,0,5,0,0,0,57.67472306143,3
"208",20019,4,1,1,0,0,0,1,1,1,1,0,0,4,0,2,-3,51.9123867069486,1
"209",20127,1,4,1,0,0,125,1,0,1,1,0,0,3,0,0,0,47.69889224572,1
"210",20211,4,6,1,0,0,97,1,1,1,1,1,1,5,0,0,0,47.4853977844914,4
"211",20386,1,0,1,0,0,131,0,0,0,0,0,0,0,0,0,0,61.2860020140987,2
"212",20406,1,1,1,0,0,0,0,0,1,1,0,0,2,0,0,0,45.9959718026183,2
"213",20488,1,1,1,0,0,0,0,0,1,0,1,0,2,0,0,0,46.2628398791541,2
"214",20503,2,9,1,0,0,0,1,1,1,1,1,1,5,-1,0,0,60.1117824773414,4
"215",20508,4,4,3,16,0,57.75,1,1,1,1,0,0,4,0,0,0,50.5256797583082,1
"216",20747,3,0,1,0,0,25,1,1,0,1,0,0,3,-1,0,-3,46.7673716012085,1
"217",20841,1,0,1,0,0,109,1,1,0,1,1,1,4,0,0,0,55.0191339375629,5
"218",20908,4,32,9,116.5,1,43.5,1,1,1,1,1,1,5,-0.375,0,-1,53.4028197381672,5
"219",21174,3,6,1,0,0,37,1,1,1,1,1,1,5,-2,0,-1,46.8700906344411,4
"220",21291,1,1,1,0,0,149,1,0,1,0,0,0,2,0,0,0,48.9577039274924,2
"221",21485,2,0,1,0,0,296,1,0,0,1,0,0,2,0,0,0,50.0130916414904,2
"222",21773,4,6,3,481,0,72,1,1,1,1,0,0,4,0,0,0,129.36253776435,1
"223",21780,3,10,1,0,0,11,1,1,1,1,1,0,5,-1,-1,-1,129.271903323263,4
"224",21808,4,1,1,0,0,80,1,0,1,1,0,0,3,-1,0,0,45.7724068479355,1
"225",21909,4,1,1,0,0,190,1,1,1,1,1,0,5,0,0,0,49.6888217522659,3
"226",21999,3,4,3,237.5,0,170,1,1,1,1,1,0,5,-1,-0.5,0,73.5609264853978,4
"227",22002,1,2,1,0,0,0,0,1,1,1,0,0,3,0,0,0,47.3101711983887,1
"228",22006,3,3,1,0,0,0,0,1,1,0,1,0,3,0,0,0,48.7139979859013,5
"229",22015,4,3,1,0,0,0,1,1,1,1,1,0,5,-2,0,-1,46.1581067472306,3
"230",22134,4,17,6,142.6,1,100,1,1,1,1,1,0,5,-0.5,-0.333333333333333,-0.166666666666667,107.125881168177,4
"231",22354,1,3,3,59,0,70,1,1,1,1,0,0,4,-1,0,0,75.3001007049345,1
"232",22733,1,1,5,33.5,0,3,1,1,1,1,1,0,5,-0.5,0,0,105.326283987915,3
"233",22913,1,8,1,0,0,225,1,1,1,1,1,0,5,0,0,0,89.8177240684794,3
"234",23308,1,25,1,0,0,165,1,1,1,1,1,1,5,0,0,0,631.657603222558,4
"235",23785,1,0,1,0,0,96,0,0,0,1,1,0,2,0,0,0,66.3071500503525,2
"236",24169,2,0,1,0,0,0,1,1,0,1,0,0,3,0,-2,0,45.8851963746224,1
"237",24226,2,19,1,0,0,0,1,1,1,1,1,0,5,2,0,-2,289.915407854985,4
"238",24255,4,6,3,120.5,0,249.833333333333,1,1,1,1,1,0,5,1,-1.5,0,48.1450151057402,4
"239",24836,4,3,5,45.75,0,35.5,1,1,1,1,1,0,5,-0.25,0,-0.75,49.4823766364552,4
"240",24839,1,3,1,0,0,0,1,0,1,0,1,0,3,0,0,0,101.327291037261,5
"241",25055,3,0,1,0,0,0,0,0,0,0,0,0,0,-2,0,0,49.3232628398792,2
"242",25368,4,23,4,56.6666666666667,0,7.5,1,1,1,1,1,0,5,-0.666666666666667,0,-0.666666666666667,72.5236656596173,4
"243",25479,3,0,1,0,0,0,0,0,0,1,0,1,1,0,1,1,46.5015105740181,2
"244",25499,4,12,4,166.666666666667,0,330.5,1,1,1,1,1,0,5,-1.33333333333333,0,0,52.6525679758308,4
"245",25502,4,1,3,80.5,0,95.5294117647059,1,1,1,1,1,0,5,0,0,0,47.8257804632427,3
"246",25865,2,1,3,14,0,187.333333333333,1,0,1,1,1,0,4,-0.5,0,0,52.6263846928499,5
"247",26024,4,7,3,90,0,85.8571428571429,1,1,1,1,1,1,5,0,0.5,-1,146.209466263847,4
"248",26047,1,0,1,0,0,0,1,1,0,1,0,0,3,-1,0,0,47.631419939577,1
"249",26174,4,1,1,0,0,0,0,0,1,1,0,0,2,0,0,0,52.7905337361531,2
"250",26179,1,4,1,0,0,0,1,1,1,1,0,0,4,0,0,0,49.6374622356495,1
"251",26244,1,4,4,452.333333333333,0,117,0,1,1,1,1,0,4,0,0,0,47.3867069486405,5
"252",26306,3,0,1,0,0,0,0,1,0,1,1,0,3,0,0,0,49.0191339375629,5
"253",26433,1,0,3,610.5,0,84.5454545454545,0,0,0,0,0,0,0,-0.5,0,0,76.1651560926485,2
"254",26474,4,10,17,28.25,1,202,1,1,1,1,1,1,5,0,0,-0.6875,48.3262839879154,5
"255",26545,3,1,1,0,0,0,0,1,1,1,0,0,3,0,-2,-2,45.9929506545821,1
"256",26646,4,8,3,47,0,103.411764705882,1,1,1,1,1,0,5,1,1,-0.5,48.6535750251762,4
"257",26683,3,0,1,0,0,0,1,1,0,1,0,0,3,-1,1,-1,46.8167170191339,1
"258",26741,4,4,3,58.5,0,86.2222222222222,1,1,1,1,1,0,5,0,0,0,47.5669687814703,3
"259",26849,3,1,1,0,0,0,1,0,1,0,0,0,2,-2,0,0,48.1077542799597,2
"260",26864,4,3,1,0,0,0,1,1,1,1,1,1,5,-2,-2,-2,45.8922457200403,4
"261",26915,4,3,1,0,0,0,1,1,1,1,1,0,5,0,-2,0,46.0221550855992,4
"262",27116,1,3,1,0,0,0,1,1,1,1,0,0,4,0,0,0,45.9647532729104,1
"263",27149,1,0,1,0,0,0,1,0,0,0,1,0,2,-2,0,0,143.786505538771,2
"264",27495,3,7,1,0,0,0,1,1,1,1,0,1,4,-3,0,0,46.0110775427996,1
"265",27553,1,1,1,0,0,0,1,1,1,1,1,0,5,1,0,0,46.0523665659617,3
"266",27668,3,11,1,0,0,0,1,1,1,1,1,1,5,0,0,1,50.6737160120846,4
"267",27877,1,3,1,0,0,0,1,1,1,1,0,0,4,0,-3,0,46.2054380664653,1
"268",28071,3,1,1,0,0,0,1,1,1,1,0,0,4,-1,0,-1,45.9889224572004,1
"269",28252,4,0,1,0,0,366,0,0,0,1,0,0,1,0,0,0,46.7865055387714,2
"270",28380,2,1,1,0,0,789,0,1,0,1,1,0,3,0,0,0,47.8509566968781,5
"271",28703,4,1,4,38.3333333333333,0,168.666666666667,0,0,1,1,1,0,3,0,0,0,46.436052366566,5
"272",28721,4,5,3,32.5,0,107.222222222222,1,1,1,1,1,0,5,-0.5,0,-1.5,48.0876132930514,4
"273",28983,4,1,1,0,0,194,0,0,1,1,1,0,3,0,0,0,52.4078549848943,5
"274",29020,2,4,1,0,0,1138,1,1,1,1,1,0,5,-2,0,-1,46.4984894259819,3
"275",29053,4,6,1,0,0,0,1,1,1,1,1,0,5,0,0,0,56.0805639476334,3
"276",29216,1,0,1,0,0,0,0,0,0,1,0,0,1,0,-4,0,48.527693856999,2
"277",29426,4,1,1,0,0,0,0,1,1,1,1,0,4,0,0,0,54.448136958711,5
"278",29434,1,0,1,0,0,0,0,0,0,1,0,0,1,1,0,0,48.4400805639476,2
"279",29478,4,5,1,0,0,345,1,1,1,1,1,0,5,0,0,0,47.0765357502518,3
"280",29598,4,27,6,72.6,1,63,1,1,1,1,1,1,5,-0.8,0,-0.2,189.491440080564,5
"281",29627,4,0,1,0,0,0,0,1,0,1,1,0,3,0,0,0,50.9647532729104,5
"282",29644,4,3,8,115.571428571429,1,167,0,1,1,1,1,0,4,0.428571428571429,0,-0.857142857142857,57.1127895266868,5
"283",29648,4,1,1,0,0,0,1,0,1,1,0,0,3,0,0,-1,45.32527693857,1
"284",30049,1,3,1,0,0,106,1,1,1,1,1,0,5,-2,0,0,50.6112789526687,3
"285",30107,1,0,1,0,0,0,0,0,0,0,0,0,0,1,0,0,46.2870090634441,2
"286",30316,4,126,19,43.3333333333333,1,211.666666666667,1,1,1,1,1,1,5,-0.166666666666667,0,-0.555555555555556,405.512588116818,5
"287",30432,4,1,1,0,0,97,1,1,1,1,1,0,5,-3,0,-2,48.1238670694864,4
"288",30566,2,20,1,0,0,0,1,1,1,1,1,0,5,0,0,-1,231.545820745217,4
"289",30759,1,1,1,0,0,0,0,1,1,1,0,0,3,-2,0,0,46.515609264854,1
"290",30945,3,0,1,0,0,0,1,0,0,0,0,0,1,-1,0,0,48.0161127895267,2
"291",30972,4,0,1,0,0,0,0,1,0,1,1,0,3,0,0,0,48.5871097683787,5
"292",30974,1,0,1,0,0,0,0,0,0,0,1,0,1,0,0,0,47.9607250755287,2
"293",31083,3,0,1,0,0,0,1,1,0,1,0,0,3,-2,0,0,52.7824773413897,1
"294",31287,4,0,4,67,0,146,0,1,0,0,1,1,2,0,0,0,51.166163141994,2
"295",31300,4,1,1,0,0,62,1,0,1,1,0,0,3,-3,-2,0,47.6616314199396,1
"296",31370,1,6,1,0,0,0,1,1,1,1,1,0,5,0,0,0,51.103726082578,3
"297",31691,3,13,1,0,0,0,1,1,1,1,1,1,5,0,-3,-3,81.4702920443102,5
"298",31724,4,4,1,0,0,0,1,1,1,1,0,0,4,0,0,0,48.7411883182276,1
"299",31839,4,3,1,0,0,0,1,1,1,1,1,0,5,-1,0,0,53.4058408862034,3
"300",32057,4,3,1,0,0,136,1,1,1,1,1,0,5,0,0,-1,49.2054380664653,3
"301",32063,4,8,1,0,0,4,1,1,1,1,1,1,5,-1,0,-2,67.2426988922457,4
"302",32114,4,3,23,24,0,138,1,1,1,1,1,0,5,0.0909090909090909,0,0.0909090909090909,936.941591137966,4
"303",32144,2,4,1,0,0,0,1,1,1,1,1,0,5,-1,-1,0,73.1762336354481,3
"304",32225,4,0,1,0,0,179,0,0,0,0,1,0,1,1,0,0,46.8982880161128,2
"305",32261,4,1,1,0,0,36,1,1,1,1,0,0,4,0,0,0,48.9577039274924,1
"306",32267,1,1,1,0,0,0,0,0,1,1,0,0,2,0,0,0,47.3363544813696,2
"307",32280,4,0,1,0,0,0,0,0,0,1,1,0,2,0,-2,0,47.4692849949648,2
"308",32463,4,4,1,0,0,0,0,1,1,1,1,1,4,0,0,-2,50.9425981873112,5
"309",32599,1,5,4,6,0,239,1,0,1,0,0,0,2,0,0,0,45.9395770392749,2
"310",32621,2,3,1,0,0,0,0,1,1,1,0,0,3,-1,1,0,48.9859013091641,1
"311",32625,3,23,1,0,0,0,1,1,1,1,1,0,5,0,0,1,84.5619335347432,4
"312",32730,1,3,1,0,0,0,1,1,1,1,1,0,5,0,0,0,48.3172205438066,3
"313",32775,4,5,1,0,0,32,1,1,1,1,1,0,5,-1,0,0,47.6908358509567,3
"314",32819,1,0,1,0,0,40,0,1,0,1,0,0,2,-2,0,0,47.9496475327291,2
"315",32938,4,1,4,13,0,111,1,1,1,1,1,0,5,-0.333333333333333,0,0,47.361530715005,3
"316",32960,4,1,1,0,0,294,1,1,1,1,1,0,5,-1,0,-1,47.6646525679758,3
"317",33250,3,3,1,0,0,0,1,1,1,1,1,0,5,-3,0,0,50.3957703927492,3
"318",33301,3,1,1,0,0,0,1,1,1,1,1,0,5,0,0,0,80.5750251762336,3
"319",33416,1,7,1,0,0,537,1,1,1,1,1,0,5,-3,0,0,173.598187311178,3
"320",33604,4,1,1,0,0,71,1,1,1,1,1,0,5,1,0,-1,48.1419939577039,3
"321",33620,3,4,3,170.5,0,66.5,1,1,1,1,0,0,4,0,0,0,48.0765357502518,1
"322",33687,3,7,4,165,0,157.6,1,1,1,1,1,1,5,-1.66666666666667,0,-0.666666666666667,49.0261832829809,4
"323",33749,4,0,1,0,0,0,1,0,0,1,1,1,3,0,0,0,51.5468277945619,5
"324",33917,3,0,1,0,0,0,0,1,0,1,0,0,2,0,0,1,49.2638469284995,2
"325",33936,2,1,3,186.5,0,382.5,0,0,1,1,1,1,3,-1.5,0,-1,50.9174219536757,5
"326",33973,2,0,1,0,0,60,0,0,0,1,0,0,1,0,0,0,46.8167170191339,2
"327",33996,1,1,1,0,0,0,0,0,0,1,0,0,1,1,0,0,47.3212487411883,2
"328",34135,4,0,1,0,0,0,0,0,0,1,0,0,1,0,0,-3,50.233635448137,2
"329",34169,3,5,3,337,0,62.6,1,1,1,1,1,1,5,0.5,-1,0,45.3423967774421,4
"330",34271,4,3,4,244.666666666667,0,173,0,1,1,1,1,0,4,0.333333333333333,-0.666666666666667,0,45.3444108761329,5
"331",34375,2,14,1,0,0,0,1,1,1,1,1,0,5,0,0,-2,210.08358509567,4
"332",34533,1,1,1,0,0,0,0,0,1,0,0,0,1,0,0,0,70.4028197381672,2
"333",34567,3,0,1,0,0,0,1,0,0,1,0,0,2,-2,0,-1,46.1289023162135,2
"334",34677,3,44,1,0,0,283,1,1,1,1,1,1,5,-3,0,0,128.540785498489,4
"335",34712,2,9,1,0,0,169,1,1,1,1,1,0,5,0,0,0,46.5085599194361,3
"336",34960,3,3,1,0,0,218,1,1,1,1,1,1,5,0,0,0,45.3887210473313,4
"337",35071,2,11,1,0,0,93,1,1,1,1,1,0,5,0,0,0,51.4813695871098,3
"338",35089,4,3,4,44.6666666666667,0,54.5,1,1,1,1,0,1,4,0.333333333333333,-0.333333333333333,-1.33333333333333,47.2064451158107,1
"339",35107,2,8,1,0,0,173,1,1,1,1,1,1,5,0,0,0,48.30110775428,4
"340",35398,4,0,3,72.5,0,92.25,0,0,0,0,1,0,1,0,0,0,57.3141993957704,2
"341",35751,4,1,3,75,0,196,0,1,1,0,0,0,2,0,0,0,98.1248741188318,2
"342",35819,3,3,1,0,0,0,0,1,1,1,0,0,3,0,0,0,45.5568982880161,1
"343",35826,3,4,1,0,0,0,1,1,1,1,0,0,4,0,0,0,52.9103726082578,1
"344",36154,4,0,1,0,0,0,0,1,0,1,1,0,3,0,0,0,58.043303121853,5
"345",36241,4,7,3,99,0,136.8,1,1,1,1,1,0,5,0.5,0,0,46.5599194360524,3
"346",36558,3,7,1,0,0,0,1,1,1,1,1,0,5,-2,0,-1,50.9647532729104,3
"347",36760,4,7,1,0,0,443,1,1,1,1,1,1,5,0,-1,0,53.9154078549849,4
"348",36766,4,1,3,1,0,811.5,1,1,1,1,1,0,5,0,-1.5,0,48.4934541792548,4
"349",36890,2,5,1,0,0,476,1,1,1,1,1,0,5,1,0,0,45.9728096676737,3
"350",36927,4,3,1,0,0,0,0,1,1,1,0,0,3,0,0,0,45.2366565961732,1
"351",36977,4,11,1,0,0,0,1,1,1,1,1,0,5,0,0,-1,48.7955689828802,3
"352",36990,1,1,3,22.5,0,97.3333333333333,0,0,0,1,1,0,2,0,0,0,46.987915407855,2
"353",37006,1,1,17,18.25,1,53.5,0,1,0,1,0,0,2,0,0,0,528.952668680765,2
"354",37521,1,6,1,0,0,0,1,1,1,1,1,0,5,0,0,0,753.503524672709,3
"355",37611,4,4,1,0,0,0,1,1,1,1,1,0,5,-1,0,0,102.811681772407,3
"356",37840,1,10,3,115.5,0,74,1,1,1,1,1,1,5,-2,0,0,398.561933534743,4
"357",37903,4,7,1,0,0,0,1,1,1,1,1,1,5,-3,0,-3,50.9536757301108,4
"358",38058,1,3,1,0,0,0,0,0,1,0,0,0,1,0,0,0,82.9405840886203,2
"359",38184,4,10,3,74.5,0,333.5,1,1,1,1,1,1,5,-0.5,0,-0.5,51.8610271903323,4
"360",38379,1,3,1,0,0,105,0,1,1,0,1,0,3,0,0,0,46.3534743202417,5
"361",38518,1,17,1,0,0,296,1,1,1,1,1,1,5,0,0,0,47.7865055387714,4
"362",38526,4,5,1,0,0,113,1,1,1,1,1,0,5,-2,0,0,49.2316213494461,3
"363",38533,4,0,1,0,0,4,1,0,0,1,0,0,2,-1,0,0,60.0010070493454,2
"364",38629,4,7,3,175,0,65.5,1,1,1,1,1,1,5,0,0,-0.5,49.6596173212487,4
"365",39188,4,1,3,123.5,0,4.5,0,0,1,0,1,0,2,0,0,-0.5,78.7069486404834,2
"366",39330,3,15,4,42,0,363,1,1,1,1,1,1,5,-1.33333333333333,-0.333333333333333,-0.333333333333333,60.1852970795569,4
"367",39369,3,4,1,0,0,182,0,1,1,1,0,0,3,0,0,0,45.4793554884189,1
"368",39474,4,1,1,0,0,61,1,1,1,1,1,0,5,0,0,0,50.3061430010071,3
"369",39495,4,1,1,0,0,24,1,1,1,0,1,0,4,0,0,0,47.1993957703927,5
"370",39562,4,4,6,110.6,1,311.5,1,1,1,1,1,0,5,0.4,-0.4,-0.8,45.5538771399799,4
"371",39636,3,8,1,0,0,263,1,1,1,1,1,0,5,0,0,-3,49.4380664652568,4
"372",39703,2,14,1,0,0,223,1,1,1,1,1,0,5,1,0,0,259.052366565962,3
"373",39819,4,0,1,0,0,0,0,0,0,0,0,0,0,-2,0,0,46.0624370594159,2
"374",39980,2,11,3,30.5,0,371.5,1,1,1,1,1,0,5,0,-0.5,0,66.3141993957704,3
"375",40034,3,13,1,0,0,40,1,1,1,1,1,0,5,0,0,0,48.3776435045317,3
"376",40130,1,4,1,0,0,302,1,1,1,1,1,0,5,1,2,0,46.0906344410876,4
"377",40225,4,5,8,116.857142857143,0,150,1,1,1,1,1,1,5,-0.285714285714286,-0.142857142857143,-0.142857142857143,48.8388721047331,4
"378",40424,2,0,1,0,0,30,1,0,0,1,0,0,2,0,0,0,49.5125881168177,2
"379",40448,4,3,3,130,0,57.5,1,1,1,1,0,0,4,-0.5,0,-1.5,46.1188318227593,1
"380",40522,4,0,8,101.285714285714,1,403,0,1,0,1,0,0,2,0,0,0,47.8922457200403,2
"381",40703,4,7,1,0,0,368,1,1,1,1,1,1,5,-3,0,-3,50.2678751258812,4
"382",40756,4,4,1,0,0,74,1,1,1,1,1,0,5,-2,0,0,50.7865055387714,3
"383",40823,3,7,1,0,0,127,1,1,1,1,1,0,5,-3,0,-3,49.8126888217523,4
"384",40919,3,1,3,62,0,273.333333333333,0,0,1,1,0,0,2,-1,0,0,46.2920443101712,2
"385",40976,1,1,1,0,0,0,0,1,1,1,1,0,4,0,0,0,57.036253776435,5
"386",41059,4,1,1,0,0,0,1,1,1,1,0,0,4,-2,0,0,127.287009063444,1
"387",41192,1,0,1,0,0,0,0,1,0,1,1,0,3,-2,0,0,80.1973816717019,5
"388",41528,4,0,1,0,0,0,0,0,0,1,1,0,2,-2,0,0,45.7875125881168,2
"389",41711,1,1,1,0,0,201,1,0,1,0,0,1,2,-3,0,-1,95.9536757301108,2
"390",42188,3,7,3,61,0,244.5,1,1,1,1,1,0,5,0,0,-2.5,51.1832829808661,4
"391",42285,4,0,1,0,0,215,0,0,0,1,0,0,1,-1,-2,0,49.098690835851,2
"392",42349,1,1,1,0,0,75,0,0,1,0,0,0,1,0,0,0,65.6304128902316,2
"393",42355,4,16,7,85.8333333333333,1,344.666666666667,1,1,1,1,1,0,5,-0.333333333333333,0,-0.166666666666667,58.638469284995,4
"394",42543,2,5,3,54,0,304.666666666667,1,1,1,1,1,1,5,-2,0,0,48.5407854984894,4
"395",42685,3,7,4,38,0,7,1,1,1,1,1,1,5,0,0,0,458.978851963746,4
"396",42705,1,3,1,0,0,49,1,1,1,1,0,0,4,-1,-2,0,46.6132930513595,1
"397",42748,3,1,1,0,0,110,1,1,1,1,0,0,4,1,0,0,51.8821752265861,1
"398",42934,3,7,1,0,0,80,1,1,1,1,1,1,5,-1,0,0,51.742195367573,4
"399",42974,1,0,1,0,0,463,0,1,0,0,0,0,1,1,1,1,185.551863041289,2
"400",42997,3,0,1,0,0,404,1,0,0,0,0,0,1,-4,0,0,50.0584088620342,2
"401",43085,1,0,1,0,0,84,0,0,0,0,0,0,0,0,0,0,46.2165156092649,2
"402",43206,2,3,3,42,0,79,1,1,1,1,1,0,5,-1,-0.5,-1.5,46.4622356495468,4
"403",43273,4,8,3,91.5,0,57,1,1,1,1,1,1,5,0,0,-0.5,108.80664652568,4
"404",43584,2,3,1,0,0,211,0,0,1,1,0,0,2,-2,0,0,46.4632426988922,2
"405",43705,4,4,1,0,0,308,0,1,1,0,0,0,2,0,0,0,308.681772406848,2
"406",43739,2,19,1,0,0,93,1,1,1,1,1,0,5,1,0,0,77.5135951661631,3
"407",43761,4,14,12,24.8181818181818,0,175,1,1,1,1,1,0,5,0.181818181818182,0,-0.272727272727273,68.583081570997,4
"408",44029,4,3,1,0,0,18,1,1,1,1,1,1,5,0,0,0,48.2124874118832,4
"409",44264,1,5,1,0,0,90,1,1,1,1,1,0,5,0,0,0,56.0060422960725,3
"410",44265,2,4,3,240.5,0,148.818181818182,1,1,1,1,1,0,5,0,0,0,50.1067472306143,4
"411",44360,4,9,1,0,0,0,1,1,1,1,1,0,5,0,1,0,184.086606243706,3
"412",44582,4,1,1,0,0,0,1,0,1,1,1,0,4,-2,0,0,46.5317220543807,5
"413",44705,4,0,1,0,0,352,0,0,0,0,0,1,0,0,0,0,50.1097683786506,2
"414",44747,4,0,1,0,0,621,0,0,0,0,1,0,1,0,0,0,50.1570996978852,2
"415",44773,3,1,1,0,0,0,0,0,1,1,1,1,3,0,2,0,45.8459214501511,5
"416",44776,4,4,3,59.5,0,36,1,1,1,1,0,0,4,-1.5,0,0,50.0261832829809,1
"417",45051,4,0,3,138.5,0,182.5,1,0,0,1,1,0,3,0,0,0,50.8388721047331,5
"418",45072,4,12,4,191.666666666667,0,58,1,1,1,1,1,1,5,-1.33333333333333,0,-0.666666666666667,48.7109768378651,4
"419",45096,4,4,3,39,0,745.333333333333,1,1,1,1,1,0,5,-1,-0.5,-2.5,47.6424974823766,4
"420",45222,3,3,1,0,0,0,0,1,1,1,1,1,4,1,0,-2,50.9647532729104,5
"421",45266,3,5,3,44.5,0,651,1,1,1,1,1,0,5,-0.5,0,0,46.7865055387714,3
"422",45351,4,6,1,0,0,0,1,1,1,1,1,0,5,-2,0,-1,59.0584088620342,3
"423",45356,1,0,1,0,0,566,1,0,0,0,0,0,1,0,0,0,75.3242698892246,2
"424",45401,4,5,3,100.5,0,560.5,1,1,1,1,1,0,5,-1,0,0,52.1218529707956,3
"425",45433,1,3,1,0,0,17,0,0,1,0,1,0,2,0,0,0,92.0483383685801,2
"426",45455,3,7,1,0,0,0,1,1,1,1,1,0,5,1,0,0,49.5135951661631,3
"427",45477,3,0,1,0,0,0,1,0,0,1,1,0,3,-1,-1,0,48.1127895266868,5
"428",45509,3,1,1,0,0,144,0,1,1,1,1,0,4,0,0,0,84.9808660624371,5
"429",45966,1,3,1,0,0,93,1,0,1,1,0,0,3,2,0,0,99.8721047331319,1
"430",46078,4,10,13,66.6666666666667,0,44.3333333333333,1,1,1,1,1,0,5,-0.0833333333333333,-0.333333333333333,-0.333333333333333,199.08358509567,4
"431",46119,2,4,1,0,0,0,0,0,1,1,0,0,2,0,0,0,75.963746223565,2
"432",46272,4,3,1,0,0,0,1,1,1,0,0,0,3,-3,0,-3,49.662638469285,1
"433",46315,4,3,1,0,0,137,1,1,1,1,0,0,4,-2,0,-1,48.1681772406848,1
"434",46472,1,5,1,0,0,141,1,1,1,1,1,0,5,0,0,-1,166.162134944612,3
"435",46485,3,1,1,0,0,910,0,1,1,1,0,0,3,0,0,0,47.2678751258812,1
"436",46710,3,0,1,0,0,0,1,1,0,1,1,0,4,0,0,0,193.622356495468,5
"437",46922,4,0,1,0,0,0,1,0,0,1,0,0,2,-2,0,-3,49.3091641490433,2
"438",46967,1,5,1,0,0,0,1,1,1,1,1,1,5,0,0,0,182.284994964753,4
"439",47016,4,6,1,0,0,0,1,1,1,1,1,0,5,-2,0,0,316.328298086606,3
"440",47176,3,3,1,0,0,0,1,1,1,1,1,0,5,0,0,-3,46.5850956696878,4
"441",47190,4,5,1,0,0,0,1,1,1,1,1,1,5,-3,0,-1,50.8932527693857,4
"442",47267,4,0,3,22.5,0,404.333333333333,0,1,0,1,0,0,2,-0.5,-0.5,0,84.1550855991944,2
"443",47415,3,0,4,32,0,63,1,1,0,1,1,0,4,0.333333333333333,0,-1,53.6163141993958,5
"444",47707,4,15,5,43,0,278,1,1,1,1,1,0,5,0.5,-0.5,0,123.629405840886,4
"445",47723,3,0,3,16.5,0,269.5,0,0,0,1,0,0,1,0,0,0,47.4199395770393,2
"446",47817,1,4,1,0,0,0,1,1,1,1,1,0,5,0,0,-1,50.7321248741188,3
"447",48007,4,3,1,0,0,0,1,1,1,1,1,1,5,0,-2,-3,46.6414904330312,4
"448",48083,3,3,1,0,0,131,1,1,1,1,1,1,5,0,0,0,47.4038267875126,4
"449",48276,4,1,1,0,0,165,1,1,1,1,0,0,4,0,0,0,51.1873111782477,1
"450",48291,4,4,3,44,0,67,1,1,1,1,1,1,5,-0.5,0,-0.5,47.6374622356495,4
"451",48293,3,0,3,45,0,290,0,1,0,0,1,0,2,0,0,0,48.7270896273917,2
"452",48431,4,16,5,124.5,0,477.8,1,1,1,1,1,1,5,0.25,-0.25,-1.25,120.465256797583,4
"453",48461,3,11,4,87,0,100.5,1,1,1,1,1,1,5,0.333333333333333,0,0.333333333333333,133.576032225579,4
"454",48548,2,0,1,0,0,0,0,0,0,1,1,0,2,-3,0,0,47.6042296072508,2
"455",48566,1,6,1,0,0,0,1,1,1,1,1,0,5,1,0,0,56.67472306143,3
"456",48651,1,0,1,0,0,0,1,1,0,1,0,0,3,-1,0,0,60.9939577039275,1
"457",48663,3,3,1,0,0,0,1,0,1,0,0,0,2,-2,0,1,49.0735146022155,2
"458",48723,1,0,1,0,0,0,1,1,0,0,0,0,2,-1,0,0,45.8126888217523,2
"459",48892,3,1,1,0,0,58,1,0,1,0,1,1,3,1,0,0,45.8459214501511,5
"460",49045,4,0,1,0,0,42,0,0,0,0,0,0,0,0,0,0,45.9466263846928,2
"461",49202,1,0,3,89,0,165.857142857143,1,0,0,1,1,0,3,-1,0,0,50.9577039274924,5
"462",49219,4,3,6,5,1,189,1,1,1,1,1,0,5,0,0,0,50.0352467270896,4
"463",49333,4,1,1,0,0,0,1,0,1,1,0,0,3,0,-2,0,49.5015105740181,1
"464",49639,1,4,1,0,0,272,1,1,1,1,1,0,5,1,0,-3,46.429003021148,4
"465",49677,3,0,1,0,0,0,0,1,0,0,0,0,1,0,0,0,48.7089627391742,2
"466",49714,2,6,1,0,0,0,1,1,1,1,1,0,5,-3,0,-2,114.682779456193,4
"467",49779,3,0,1,0,0,0,0,0,0,0,0,0,0,0,0,0,49.6586102719033,2
"468",49903,3,3,1,0,0,0,0,1,1,1,0,0,3,0,0,0,48.9375629405841,1
"469",49975,4,1,1,0,0,0,0,1,0,0,1,0,2,0,0,0,46.5760322255791,2
"470",50011,1,1,1,0,0,0,0,1,1,1,1,0,4,-1,0,0,88.6213494461229,5
"471",50028,1,3,1,0,0,0,1,1,1,1,1,0,5,0,0,0,67.337361530715,3
"472",50054,3,3,1,0,0,0,1,0,1,1,0,0,3,-3,0,1,46.7623363544814,1
"473",50096,1,5,1,0,0,0,1,1,1,1,1,0,5,-4,0,0,73.6143001007049,3
"474",50144,3,1,1,0,0,558,1,0,1,1,0,0,3,-2,0,-3,48.6696878147029,1
"475",50207,2,3,3,137.5,0,257.5,1,1,1,1,0,0,4,0,0,-0.5,47.1399798590131,1
"476",50293,1,0,1,0,0,29,0,1,0,1,0,0,2,0,0,0,78.5558912386707,2
"477",50294,3,3,1,0,0,0,1,1,1,1,1,0,5,0,0,0,46.7653575025176,3
"478",50386,1,0,1,0,0,0,1,0,0,1,0,0,2,-3,0,-1,52.7643504531722,2
"479",50464,4,1,1,0,0,0,1,0,1,1,1,0,4,-2,-2,-1,51.5478348439074,5
"480",50477,4,15,1,0,0,74,1,1,1,1,1,0,5,0,0,-2,53.908358509567,4
"481",50571,4,0,1,0,0,0,1,0,0,1,0,0,2,-2,-3,0,45.3464249748238,2
"482",50602,1,0,1,0,0,0,0,0,0,0,0,0,0,0,0,0,49.0906344410876,2
"483",50604,1,5,1,0,0,0,1,1,1,1,1,1,5,0,0,0,48.8952668680765,4
"484",50624,2,1,1,0,0,0,1,1,1,1,0,0,4,1,0,-2,50.7794561933535,1
"485",50804,1,0,1,0,0,0,0,0,0,0,0,0,0,0,0,0,80.3001007049345,2
"486",50830,1,7,1,0,0,0,1,1,1,1,1,0,5,0,0,0,142.465256797583,3
"487",50949,4,4,1,0,0,0,0,1,1,1,1,0,4,0,-2,-2,47.3152064451158,5
"488",51023,1,1,1,0,0,0,0,0,0,1,0,0,1,0,0,0,45.8992950654582,2
"489",51216,3,7,1,0,0,0,1,1,1,1,1,0,5,0,0,0,50.563947633434,3
"490",51274,4,1,3,138,0,109,1,1,1,1,1,1,5,0,0,-0.5,46.7724068479355,4
"491",51363,1,1,1,0,0,0,0,0,1,1,0,0,2,0,-3,-1,51.1742195367573,2
"492",51455,4,1,1,0,0,0,1,1,1,1,1,0,5,-1,0,-2,48.226586102719,4
"493",51498,1,4,1,0,0,0,1,1,1,1,0,0,4,0,0,0,76.7401812688822,1
"494",51526,1,7,5,211.5,0,118.666666666667,1,1,1,1,1,0,5,1.25,0,0,55.1812688821752,4
"495",51643,1,0,1,0,0,0,0,0,0,0,0,0,0,0,0,0,49.4300100704935,2
"496",51883,3,22,4,271.333333333333,0,221,1,1,1,1,1,1,5,0,0,0,670.2416918429,4
